{
  "Total" : {
    "transaction" : "Total",
    "sampleCount" : 14800,
    "errorCount" : 0,
    "errorPct" : 0.0,
    "meanResTime" : 47226.5745945947,
    "medianResTime" : 47584.5,
    "minResTime" : 13064.0,
    "maxResTime" : 66758.0,
    "pct1ResTime" : 61296.399999999994,
    "pct2ResTime" : 63480.95,
    "pct3ResTime" : 65066.99,
    "throughput" : 3.1260369518689584,
    "receivedKBytesPerSec" : 0.1251635888931907,
    "sentKBytesPerSec" : 0.0
  },
  "v2" : {
    "transaction" : "v2",
    "sampleCount" : 14800,
    "errorCount" : 0,
    "errorPct" : 0.0,
    "meanResTime" : 47226.5745945947,
    "medianResTime" : 47584.5,
    "minResTime" : 13064.0,
    "maxResTime" : 66758.0,
    "pct1ResTime" : 61296.399999999994,
    "pct2ResTime" : 63480.95,
    "pct3ResTime" : 65066.99,
    "throughput" : 3.1260369518689584,
    "receivedKBytesPerSec" : 0.1251635888931907,
    "sentKBytesPerSec" : 0.0
  }
}